{
  "fonte": "PCDT - Protocolos Clínicos e Diretrizes Terapêuticas",
  "url_origem": "https://www.gov.br/saude/pt-br/assuntos/pcdt",
  "descricao": "Protocolos oficiais do Ministério da Saúde do Brasil para tratamento de doenças",
  "atualizado_em": "2025-08-02T16:50:42.117514",
  "total_pdfs": 11,
  "pdfs_doencas_raras": 2,
  "dados": {
    "todos_pdfs": [
      {
        "title": "Acromegalia",
        "url": "https://www.gov.br/saude/pt-br/assuntos/pcdt/a/acromegalia.pdf/view",
        "letter": "a",
        "is_rare_disease": false,
        "found_at": "2025-08-02T16:46:36.086059"
      },
      {
        "title": "Adenocarcinoma de Estômago",
        "url": "https://www.gov.br/saude/pt-br/assuntos/pcdt/a/adenocarcinoma-de-estomago.pdf/view",
        "letter": "a",
        "is_rare_disease": false,
        "found_at": "2025-08-02T16:46:36.086081"
      },
      {
        "title": "Adenocarcinoma de Próstata",
        "url": "https://www.gov.br/saude/pt-br/assuntos/pcdt/a/adenocarcinoma-prostata.pdf/view",
        "letter": "a",
        "is_rare_disease": false,
        "found_at": "2025-08-02T16:46:36.086091"
      },
      {
        "title": "Amiloidoses associadas à Transtirretina",
        "url": "https://www.gov.br/saude/pt-br/assuntos/pcdt/a/amiloidoses-associadas-a-transtirretina.pdf/view",
        "letter": "a",
        "is_rare_disease": false,
        "found_at": "2025-08-02T16:46:36.086101"
      },
      {
        "title": "Anemia Hemolítica Autoimune",
        "url": "https://www.gov.br/saude/pt-br/assuntos/pcdt/a/anemia-hemolitica-autoimune.pdf/view",
        "letter": "a",
        "is_rare_disease": false,
        "found_at": "2025-08-02T16:46:36.086109"
      },
      {
        "title": "Artrite Psoríaca",
        "url": "https://www.gov.br/saude/pt-br/assuntos/pcdt/a/artrite-psoriaca.pdf/view",
        "letter": "a",
        "is_rare_disease": false,
        "found_at": "2025-08-02T16:46:36.086117"
      },
      {
        "title": "Brucelose Humana",
        "url": "https://www.gov.br/saude/pt-br/assuntos/pcdt/b/pcdt-brucelose-humana.pdf/view",
        "letter": "b",
        "is_rare_disease": false,
        "found_at": "2025-08-02T16:46:41.201140"
      },
      {
        "title": "Doença de Fabry",
        "url": "https://www.gov.br/saude/pt-br/assuntos/pcdt/d/pcdt-doenca-de-fabry.pdf/view",
        "letter": "d",
        "is_rare_disease": true,
        "found_at": "2025-08-02T16:46:51.438674"
      },
      {
        "title": "Doença de Pompe",
        "url": "https://www.gov.br/saude/pt-br/assuntos/pcdt/d/doenca-de-pompe.pdf/view",
        "letter": "d",
        "is_rare_disease": true,
        "found_at": "2025-08-02T16:46:51.438690"
      },
      {
        "title": "Hipertensão Arterial Sistêmica",
        "url": "https://www.gov.br/saude/pt-br/assuntos/pcdt/h/hipertensao-arterial-sistemica.pdf/view",
        "letter": "h",
        "is_rare_disease": false,
        "found_at": "2025-08-02T16:47:11.625341"
      },
      {
        "title": "Ictioses Hereditárias",
        "url": "https://www.gov.br/saude/pt-br/assuntos/pcdt/i/ictioses-hereditarias.pdf/view",
        "letter": "i",
        "is_rare_disease": false,
        "found_at": "2025-08-02T16:47:16.768321"
      }
    ],
    "pdfs_relevantes": [
      {
        "title": "Doença de Fabry",
        "url": "https://www.gov.br/saude/pt-br/assuntos/pcdt/d/pcdt-doenca-de-fabry.pdf/view",
        "letter": "d",
        "is_rare_disease": true,
        "found_at": "2025-08-02T16:46:51.438674"
      },
      {
        "title": "Doença de Pompe",
        "url": "https://www.gov.br/saude/pt-br/assuntos/pcdt/d/doenca-de-pompe.pdf/view",
        "letter": "d",
        "is_rare_disease": true,
        "found_at": "2025-08-02T16:46:51.438690"
      }
    ],
    "por_letra": {
      "a": {
        "total_pdfs": 6,
        "pdfs_relevantes": 0,
        "url": "https://www.gov.br/saude/pt-br/assuntos/pcdt/a",
        "status": "success",
        "pdfs": [
          {
            "title": "Acromegalia",
            "url": "https://www.gov.br/saude/pt-br/assuntos/pcdt/a/acromegalia.pdf/view",
            "letter": "a",
            "is_rare_disease": false,
            "found_at": "2025-08-02T16:46:36.086059"
          },
          {
            "title": "Adenocarcinoma de Estômago",
            "url": "https://www.gov.br/saude/pt-br/assuntos/pcdt/a/adenocarcinoma-de-estomago.pdf/view",
            "letter": "a",
            "is_rare_disease": false,
            "found_at": "2025-08-02T16:46:36.086081"
          },
          {
            "title": "Adenocarcinoma de Próstata",
            "url": "https://www.gov.br/saude/pt-br/assuntos/pcdt/a/adenocarcinoma-prostata.pdf/view",
            "letter": "a",
            "is_rare_disease": false,
            "found_at": "2025-08-02T16:46:36.086091"
          },
          {
            "title": "Amiloidoses associadas à Transtirretina",
            "url": "https://www.gov.br/saude/pt-br/assuntos/pcdt/a/amiloidoses-associadas-a-transtirretina.pdf/view",
            "letter": "a",
            "is_rare_disease": false,
            "found_at": "2025-08-02T16:46:36.086101"
          },
          {
            "title": "Anemia Hemolítica Autoimune",
            "url": "https://www.gov.br/saude/pt-br/assuntos/pcdt/a/anemia-hemolitica-autoimune.pdf/view",
            "letter": "a",
            "is_rare_disease": false,
            "found_at": "2025-08-02T16:46:36.086109"
          },
          {
            "title": "Artrite Psoríaca",
            "url": "https://www.gov.br/saude/pt-br/assuntos/pcdt/a/artrite-psoriaca.pdf/view",
            "letter": "a",
            "is_rare_disease": false,
            "found_at": "2025-08-02T16:46:36.086117"
          }
        ]
      },
      "b": {
        "total_pdfs": 1,
        "pdfs_relevantes": 0,
        "url": "https://www.gov.br/saude/pt-br/assuntos/pcdt/b",
        "status": "success",
        "pdfs": [
          {
            "title": "Brucelose Humana",
            "url": "https://www.gov.br/saude/pt-br/assuntos/pcdt/b/pcdt-brucelose-humana.pdf/view",
            "letter": "b",
            "is_rare_disease": false,
            "found_at": "2025-08-02T16:46:41.201140"
          }
        ]
      },
      "c": {
        "total_pdfs": 0,
        "pdfs_relevantes": 0,
        "url": "https://www.gov.br/saude/pt-br/assuntos/pcdt/c",
        "status": "success",
        "pdfs": []
      },
      "d": {
        "total_pdfs": 2,
        "pdfs_relevantes": 2,
        "url": "https://www.gov.br/saude/pt-br/assuntos/pcdt/d",
        "status": "success",
        "pdfs": [
          {
            "title": "Doença de Fabry",
            "url": "https://www.gov.br/saude/pt-br/assuntos/pcdt/d/pcdt-doenca-de-fabry.pdf/view",
            "letter": "d",
            "is_rare_disease": true,
            "found_at": "2025-08-02T16:46:51.438674"
          },
          {
            "title": "Doença de Pompe",
            "url": "https://www.gov.br/saude/pt-br/assuntos/pcdt/d/doenca-de-pompe.pdf/view",
            "letter": "d",
            "is_rare_disease": true,
            "found_at": "2025-08-02T16:46:51.438690"
          }
        ]
      },
      "e": {
        "total_pdfs": 0,
        "pdfs_relevantes": 0,
        "url": "https://www.gov.br/saude/pt-br/assuntos/pcdt/e",
        "status": "success",
        "pdfs": []
      },
      "f": {
        "total_pdfs": 0,
        "pdfs_relevantes": 0,
        "url": "https://www.gov.br/saude/pt-br/assuntos/pcdt/f",
        "status": "success",
        "pdfs": []
      },
      "g": {
        "total_pdfs": 0,
        "pdfs_relevantes": 0,
        "url": "https://www.gov.br/saude/pt-br/assuntos/pcdt/g",
        "status": "success",
        "pdfs": []
      },
      "h": {
        "total_pdfs": 1,
        "pdfs_relevantes": 0,
        "url": "https://www.gov.br/saude/pt-br/assuntos/pcdt/h",
        "status": "success",
        "pdfs": [
          {
            "title": "Hipertensão Arterial Sistêmica",
            "url": "https://www.gov.br/saude/pt-br/assuntos/pcdt/h/hipertensao-arterial-sistemica.pdf/view",
            "letter": "h",
            "is_rare_disease": false,
            "found_at": "2025-08-02T16:47:11.625341"
          }
        ]
      },
      "i": {
        "total_pdfs": 1,
        "pdfs_relevantes": 0,
        "url": "https://www.gov.br/saude/pt-br/assuntos/pcdt/i",
        "status": "success",
        "pdfs": [
          {
            "title": "Ictioses Hereditárias",
            "url": "https://www.gov.br/saude/pt-br/assuntos/pcdt/i/ictioses-hereditarias.pdf/view",
            "letter": "i",
            "is_rare_disease": false,
            "found_at": "2025-08-02T16:47:16.768321"
          }
        ]
      },
      "j": {
        "total_pdfs": 0,
        "pdfs_relevantes": 0,
        "url": "https://www.gov.br/saude/pt-br/assuntos/pcdt/j",
        "status": "success",
        "pdfs": []
      }
    }
  }
}