{
  "diseases": [
    {
      "id": "sindrome-prader-willi",
      "name": {
        "pt": "Síndrome de Prader-Willi",
        "en": "Prader-Willi Syndrome"
      },
      "acronym": "SPW",
      "synonyms": {
        "pt": ["Síndrome de Prader-Labhart-Willi", "SPW"],
        "en": ["Prader-Labhart-Willi Syndrome", "PWS"]
      },
      "category": {
        "pt": "Genética/Congênita",
        "en": "Genetic/Congenital"
      },
      "prevalence": "1:15.000-30.000",
      "ageOfOnset": {
        "pt": "Nascimento",
        "en": "Birth"
      },
      "causes": {
        "genetic": {
          "pt": "Deleção ou alteração funcional da região 15q11-q13 paterna",
          "en": "Deletion or functional alteration of paternal 15q11-q13 region"
        },
        "inheritance": {
          "pt": "Não hereditária (esporádica em 99% dos casos)",
          "en": "Non-hereditary (sporadic in 99% of cases)"
        }
      },
      "symptoms": [
        {
          "system": {
            "pt": "Sistema Endócrino",
            "en": "Endocrine System"
          },
          "symptoms": [
            {
              "name": {
                "pt": "Hiperfagia (fome excessiva)",
                "en": "Hyperphagia (excessive hunger)"
              },
              "frequency": "90-95%",
              "hpoId": "HP:0002591"
            },
            {
              "name": {
                "pt": "Obesidade",
                "en": "Obesity"
              },
              "frequency": "85-90%",
              "hpoId": "HP:0001513"
            },
            {
              "name": {
                "pt": "Diabetes mellitus tipo 2",
                "en": "Type 2 diabetes mellitus"
              },
              "frequency": "20-25%",
              "hpoId": "HP:0005978"
            }
          ]
        },
        {
          "system": {
            "pt": "Sistema Nervoso",
            "en": "Nervous System"
          },
          "symptoms": [
            {
              "name": {
                "pt": "Deficiência intelectual leve a moderada",
                "en": "Mild to moderate intellectual disability"
              },
              "frequency": "95-100%",
              "hpoId": "HP:0001249"
            },
            {
              "name": {
                "pt": "Hipotonia neonatal",
                "en": "Neonatal hypotonia"
              },
              "frequency": "90-95%",
              "hpoId": "HP:0001319"
            },
            {
              "name": {
                "pt": "Distúrbios comportamentais",
                "en": "Behavioral disorders"
              },
              "frequency": "80-90%",
              "hpoId": "HP:0000708"
            }
          ]
        }
      ],
      "referencesCenters": {
        "brasil": [
          {
            "name": "Hospital das Clínicas - USP",
            "city": "São Paulo",
            "contact": "genetica@hc.fm.usp.br"
          }
        ],
        "portugal": [
          {
            "name": "Centro Hospitalar Universitário de Coimbra",
            "city": "Coimbra",
            "contact": "genetica@chuc.min-saude.pt"
          }
        ]
      }
    },
    {
      "id": "esclerose-tuberosa",
      "name": {
        "pt": "Esclerose Tuberosa",
        "en": "Tuberous Sclerosis Complex"
      },
      "acronym": "ET",
      "synonyms": {
        "pt": ["Complexo da Esclerose Tuberosa", "CET"],
        "en": ["Tuberous Sclerosis Complex", "TSC"]
      },
      "category": {
        "pt": "Neurológica/Genética",
        "en": "Neurological/Genetic"
      },
      "prevalence": "1:6.000-10.000",
      "ageOfOnset": {
        "pt": "Nascimento a infância",
        "en": "Birth to childhood"
      },
      "causes": {
        "genetic": {
          "pt": "Mutações nos genes TSC1 ou TSC2",
          "en": "Mutations in TSC1 or TSC2 genes"
        },
        "inheritance": {
          "pt": "Autossômica dominante (30% hereditária, 70% de novo)",
          "en": "Autosomal dominant (30% inherited, 70% de novo)"
        }
      },
      "symptoms": [
        {
          "system": {
            "pt": "Sistema Nervoso",
            "en": "Nervous System"
          },
          "symptoms": [
            {
              "name": {
                "pt": "Epilepsia",
                "en": "Epilepsy"
              },
              "frequency": "85-90%",
              "hpoId": "HP:0001250"
            },
            {
              "name": {
                "pt": "Deficiência intelectual",
                "en": "Intellectual disability"
              },
              "frequency": "45-60%",
              "hpoId": "HP:0001249"
            },
            {
              "name": {
                "pt": "Espasmos infantis",
                "en": "Infantile spasms"
              },
              "frequency": "35-40%",
              "hpoId": "HP:0012469"
            }
          ]
        },
        {
          "system": {
            "pt": "Pele",
            "en": "Skin"
          },
          "symptoms": [
            {
              "name": {
                "pt": "Máculas hipomelânicas",
                "en": "Hypomelanotic macules"
              },
              "frequency": "85-90%",
              "hpoId": "HP:0000534"
            },
            {
              "name": {
                "pt": "Angiofibromas faciais",
                "en": "Facial angiofibromas"
              },
              "frequency": "75-80%",
              "hpoId": "HP:0001442"
            }
          ]
        }
      ],
      "referencesCenters": {
        "brasil": [
          {
            "name": "Instituto de Psiquiatria - USP",
            "city": "São Paulo",
            "contact": "epilepsia@hc.fm.usp.br"
          }
        ],
        "portugal": [
          {
            "name": "Hospital Dona Estefânia",
            "city": "Lisboa",
            "contact": "neuropediatria@hde.min-saude.pt"
          }
        ]
      }
    },
    {
      "id": "doenca-fabry",
      "name": {
        "pt": "Doença de Fabry",
        "en": "Fabry Disease"
      },
      "acronym": "DF",
      "synonyms": {
        "pt": ["Deficiência de α-galactosidase A", "Angioqueratoma Corporis Diffusum"],
        "en": ["α-galactosidase A deficiency", "Angiokeratoma Corporis Diffusum"]
      },
      "category": {
        "pt": "Metabólica/Lisossomal",
        "en": "Metabolic/Lysosomal"
      },
      "prevalence": "1:40.000-117.000",
      "ageOfOnset": {
        "pt": "Infância a idade adulta",
        "en": "Childhood to adulthood"
      },
      "causes": {
        "genetic": {
          "pt": "Mutações no gene GLA (cromossomo X)",
          "en": "Mutations in GLA gene (X chromosome)"
        },
        "inheritance": {
          "pt": "Ligada ao X",
          "en": "X-linked"
        }
      },
      "symptoms": [
        {
          "system": {
            "pt": "Sistema Cardiovascular",
            "en": "Cardiovascular System"
          },
          "symptoms": [
            {
              "name": {
                "pt": "Cardiomiopatia hipertrófica",
                "en": "Hypertrophic cardiomyopathy"
              },
              "frequency": "70-80%",
              "hpoId": "HP:0001639"
            },
            {
              "name": {
                "pt": "Arritmias cardíacas",
                "en": "Cardiac arrhythmias"
              },
              "frequency": "40-50%",
              "hpoId": "HP:0006682"
            }
          ]
        },
        {
          "system": {
            "pt": "Sistema Renal",
            "en": "Renal System"
          },
          "symptoms": [
            {
              "name": {
                "pt": "Proteinúria",
                "en": "Proteinuria"
              },
              "frequency": "60-70%",
              "hpoId": "HP:0000093"
            },
            {
              "name": {
                "pt": "Insuficiência renal crônica",
                "en": "Chronic kidney disease"
              },
              "frequency": "30-40%",
              "hpoId": "HP:0012622"
            }
          ]
        }
      ],
      "referencesCenters": {
        "brasil": [
          {
            "name": "Hospital Sírio-Libanês",
            "city": "São Paulo",
            "contact": "genetica@hsl.org.br"
          }
        ],
        "portugal": [
          {
            "name": "Centro Hospitalar do Porto",
            "city": "Porto",
            "contact": "metabolismo@chporto.min-saude.pt"
          }
        ]
      }
    }
  ],
  "categories": {
    "pt": [
      "Genética/Congênita",
      "Neurológica/Genética",
      "Metabólica/Lisossomal",
      "Cardiovascular",
      "Endócrina",
      "Imunológica",
      "Oncológica/Genética",
      "Musculoesquelética"
    ],
    "en": [
      "Genetic/Congenital",
      "Neurological/Genetic",
      "Metabolic/Lysosomal",
      "Cardiovascular",
      "Endocrine",
      "Immunological",
      "Oncological/Genetic",
      "Musculoskeletal"
    ]
  },
  "countries": {
    "pt": ["Brasil", "Portugal", "Angola", "Moçambique", "Guiné-Bissau", "Cabo Verde", "São Tomé e Príncipe", "Timor-Leste"],
    "en": ["Brazil", "Portugal", "Angola", "Mozambique", "Guinea-Bissau", "Cape Verde", "São Tomé and Príncipe", "East Timor"]
  },
  "ageGroups": {
    "pt": ["Nascimento", "Infância (0-12 anos)", "Adolescência (13-18 anos)", "Idade adulta (19-64 anos)", "Terceira idade (65+ anos)"],
    "en": ["Birth", "Childhood (0-12 years)", "Adolescence (13-18 years)", "Adulthood (19-64 years)", "Elderly (65+ years)"]
  }
}
