{
  "projeto": "CPLP-Raras",
  "descricao": "Dados consolidados sobre doenças raras para países de língua portuguesa",
  "atualizado_em": "2025-08-02T16:50:42.117658",
  "fontes": {
    "gard": {
      "nome": "GARD - NIH",
      "total_itens": 2,
      "status": "ativo"
    },
    "pcdt": {
      "nome": "PCDT - Ministério da Saúde",
      "total_pdfs": 11,
      "pdfs_relevantes": 2,
      "status": "ativo"
    }
  },
  "estatisticas": {
    "total_recursos": 13,
    "recursos_relevantes": 4,
    "cobertura_linguistica": [
      "Português",
      "Inglês"
    ],
    "paises_cplp_cobertura": [
      "Brasil",
      "Portugal",
      "Angola",
      "Moçambique",
      "Cabo Verde",
      "Guiné-Bissau",
      "São Tomé e Príncipe",
      "Timor-Leste"
    ]
  },
  "areas_pesquisa": [
    "Diagnóstico de Doenças Raras",
    "Protocolos Clínicos",
    "Epidemiologia",
    "Genética Médica",
    "Cuidados Especializados",
    "Políticas de Saúde"
  ]
}