﻿[
  {
    "id": "orpha-166024",
    "name": "SÃ­ndrome de displasia epifisÃ¡ria mÃºltipla-macrocefalia-dismorfia facial",
    "nameEn": "Syndrome De Dysplasia Epiphyseal Multiple-macrocefalia-dismorfia Facial",
    "namePt": "SÃ­ndrome de displasia epifisÃ¡ria mÃºltipla-macrocefalia-dismorfia facial",
    "synonyms": [
      "Displasia epifisÃ¡ria mÃºltipla, tipo Al-Gazali"
    ],
    "description": "DoenÃ§a rara oficialmente catalogada pela Orphanet Portugal (2025).",
    "descriptionEn": "Rare disease officially catalogued by Orphanet Portugal (2025).",
    "category": "genetic",
    "prevalence": "Consultar Orphanet para dados epidemiolÃ³gicos",
    "source": "Orphanet Portugal (Oficial 2025)",
    "sourceUrl": "https://www.orpha.net/consor/cgi-bin/OC_Exp.php?lng=pt&Expert=166024",
    "orpha_code": "ORPHA:166024",
    "icd_code": "Consultar mapeamento ICD",
    "scraped_at": "2025-08-31T08:43:47.276Z",
    "metadata": {
      "source_method": "orphanet_official_xml_2025_direct",
      "disorder_id": "17601",
      "language": "pt",
      "quality": "official",
      "verified": true
    }
  },
  {
    "id": "orpha-58",
    "name": "DoenÃ§a de Alexander",
    "nameEn": "Disease De Alexander",
    "namePt": "DoenÃ§a de Alexander",
    "synonyms": [],
    "description": "DoenÃ§a rara oficialmente catalogada pela Orphanet Portugal (2025).",
    "descriptionEn": "Rare disease officially catalogued by Orphanet Portugal (2025).",
    "category": "rare-disease",
    "prevalence": "Consultar Orphanet para dados epidemiolÃ³gicos",
    "source": "Orphanet Portugal (Oficial 2025)",
    "sourceUrl": "https://www.orpha.net/consor/cgi-bin/OC_Exp.php?lng=pt&Expert=58",
    "orpha_code": "ORPHA:58",
    "icd_code": "Consultar mapeamento ICD",
    "scraped_at": "2025-08-31T08:43:47.278Z",
    "metadata": {
      "source_method": "orphanet_official_xml_2025_direct",
      "disorder_id": "2",
      "language": "pt",
      "quality": "official",
      "verified": true
    }
  },
  {
    "id": "orpha-166032",
    "name": "SÃ­ndrome de displasia epifisÃ¡ria mÃºltipla-miniepifises",
    "nameEn": "Syndrome De Dysplasia Epiphyseal Multiple-miniepifises",
    "namePt": "SÃ­ndrome de displasia epifisÃ¡ria mÃºltipla-miniepifises",
    "synonyms": [],
    "description": "DoenÃ§a rara oficialmente catalogada pela Orphanet Portugal (2025).",
    "descriptionEn": "Rare disease officially catalogued by Orphanet Portugal (2025).",
    "category": "genetic",
    "prevalence": "Consultar Orphanet para dados epidemiolÃ³gicos",
    "source": "Orphanet Portugal (Oficial 2025)",
    "sourceUrl": "https://www.orpha.net/consor/cgi-bin/OC_Exp.php?lng=pt&Expert=166032",
    "orpha_code": "ORPHA:166032",
    "icd_code": "Consultar mapeamento ICD",
    "scraped_at": "2025-08-31T08:43:47.278Z",
    "metadata": {
      "source_method": "orphanet_official_xml_2025_direct",
      "disorder_id": "17603",
      "language": "pt",
      "quality": "official",
      "verified": true
    }
  },
  {
    "id": "orpha-61",
    "name": "Alfa-manosidose",
    "nameEn": "Alfa-manosidose",
    "namePt": "Alfa-manosidose",
    "synonyms": [
      "DeficiÃªncia de alfa-D-manosidase lisossomal"
    ],
    "description": "DoenÃ§a rara oficialmente catalogada pela Orphanet Portugal (2025).",
    "descriptionEn": "Rare disease officially catalogued by Orphanet Portugal (2025).",
    "category": "rare-disease",
    "prevalence": "Consultar Orphanet para dados epidemiolÃ³gicos",
    "source": "Orphanet Portugal (Oficial 2025)",
    "sourceUrl": "https://www.orpha.net/consor/cgi-bin/OC_Exp.php?lng=pt&Expert=61",
    "orpha_code": "ORPHA:61",
    "icd_code": "Consultar mapeamento ICD",
    "scraped_at": "2025-08-31T08:43:47.278Z",
    "metadata": {
      "source_method": "orphanet_official_xml_2025_direct",
      "disorder_id": "3",
      "language": "pt",
      "quality": "official",
      "verified": true
    }
  },
  {
    "id": "orpha-166029",
    "name": "SÃ­ndrome de displasia epifisÃ¡ria mÃºltipla-displasia femoral proximal grave",
