{
  "fonte": "GARD - Genetic and Rare Diseases Information Center",
  "url_origem": "https://rarediseases.info.nih.gov",
  "descricao": "Base de dados de doenças raras do National Institutes of Health (NIH) dos EUA",
  "atualizado_em": "2025-08-02T16:50:42.117299",
  "total_itens": 2,
  "dados": [
    {
      "id": "general",
      "nome": "Rare Diseases",
      "url_original": "https://rarediseases.info.nih.gov/diseases",
      "resumo": "Explore GARD's list of rare diseases. Filter by category or search by disease name, acronym, or synonym.Rare diseases found on GARD should not be used as policy statements of NCATS or the NIH.. Showing 1 - 10 of 6109. Other names: dup(10)(q22.3q23.3);  trisomy 10q22.3q23.3",
      "categorias": [
        "Browse by Disease"
      ],
      "links_relacionados": [
        {
          "text": "U.S. Department of Health & Human Services",
          "href": "https://www.hhs.gov/"
        },
        {
          "text": "National Institutes of Health",
          "href": "https://www.nih.gov/"
        },
        {
          "text": "Browse by Disease",
          "href": "/diseases"
        },
        {
          "text": "Resources",
          "href": "/resources"
        },
        {
          "text": "About GARD",
          "href": "/about"
        }
      ],
      "estatisticas": {
        "tamanho_conteudo": 128942,
        "paragrafos": 16,
        "cabecalhos": 1,
        "links": 45
      },
      "coletado_em": "2025-08-02T16:45:58.205203"
    },
    {
      "id": "info",
      "nome": "GARD Information",
      "url_original": "https://rarediseases.info.nih.gov/about",
      "resumo": "GARD is a program of the National Institutes of Health that provides free access to reliable, easy-to-understand information about genetic and rare diseases.. A rare disease is a disease affecting fewer than 200,000 individuals in the United States (per the Rare Diseases Act of 2002). Progress in da...",
      "categorias": [
        "About GARD",
        "GARD's Mission",
        "Improving Access to Rare Disease Information",
        "Improving Access to Rare Disease Information",
        "GARD Website FAQs"
      ],
      "links_relacionados": [
        {
          "text": "U.S. Department of Health & Human Services",
          "href": "https://www.hhs.gov/"
        },
        {
          "text": "National Institutes of Health",
          "href": "https://www.nih.gov/"
        },
        {
          "text": "Browse by Disease",
          "href": "/diseases"
        },
        {
          "text": "Resources",
          "href": "/resources"
        },
        {
          "text": "About GARD",
          "href": "/about"
        }
      ],
      "estatisticas": {
        "tamanho_conteudo": 158161,
        "paragrafos": 36,
        "cabecalhos": 11,
        "links": 78
      },
      "coletado_em": "2025-08-02T16:46:01.955012"
    }
  ]
}